comparison,module,coef,pvalue,pvalue_bh
chow.vs.fast,HY__50,0.13361297322417695,4.625723489014674e-6,0.002368370426375513
chow.vs.fast,HY__71,-0.09588819335139367,3.1881992037670586e-5,0.007003391798234872
chow.vs.fast,IC__15,0.12754064422288153,4.103549881778245e-5,0.007003391798234872
chow.vs.fast,IC__08,0.11770890908927908,5.8894588055898636e-5,0.007538507271155025
chow.vs.fast,IC__32,-0.11861996054372963,9.705455627241315e-5,0.009938386562295107
chow.vs.fast,IC__07,-0.10337021395297365,1.5110126251763196e-4,0.010741811573329442
chow.vs.fast,SC__78,0.1274073497860421,1.5885077060192896e-4,0.010741811573329442
chow.vs.fast,SC__27,-0.0470163720031108,1.6784080583327253e-4,0.010741811573329442
chow.vs.fast,SC__32,-0.1277611236510935,1.889655645853115e-4,0.010750041007519943
chow.vs.HFD,HPF__17,-0.0398960508248558,8.164698416426484e-4,0.0418032558921036
chow.vs.HFD,HPF__05,-0.12361807488855883,0.002018091869439929,0.0939330033775676
chow.vs.HFD,HPF__38,0.09316462116405311,0.0030944185643256386,0.12662936009426937
chow.vs.fast,IC__17,-0.06582372318968707,0.0034362214194269183,0.12662936009426937
chow.vs.fast,HY__19,0.1395362110490353,0.0035986137477974633,0.12662936009426937
chow.vs.HFD,HY__55,-0.017673286284472307,0.0039478413814294875,0.12662936009426937
chow.vs.fast,SC__67,0.08678829564753295,0.003957167502945918,0.12662936009426937
chow.vs.HFD,HPF__20,0.07164293296149014,0.004848486843745163,0.14257926158702067
chow.vs.HFD,HPF__26,-0.09576957208961596,0.0050125521651686955,0.14257926158702067
chow.vs.HFD,IC__33,-0.04577813364161702,0.005833586442045622,0.15719980306986098
chow.vs.HFD,HPF__33,-0.08177072599952143,0.006827636045128726,0.1747874827552954
chow.vs.fast,IC__34,-0.1009264220139245,0.007355827869343867,0.17934208900495524
chow.vs.HFD,HY__41,0.016509560025158077,0.007729261328832691,0.1798809909255608
chow.vs.HFD,HY__59,0.03599000984500282,0.008358799114307106,0.18607413680544513
chow.vs.HFD,HPF__11,0.0942344018496984,0.009650646855641492,0.20588046625368517
chow.vs.fast,HPF__33,0.0741037833153551,0.01064172591081535,0.21794254665349835
chow.vs.fast,HPF__25,-0.060351373583219056,0.012901308334123389,0.24105704117694615
chow.vs.fast,SC__08,0.05414504252228753,0.01290507682038756,0.24105704117694615
chow.vs.fast,HY__20,0.016432947143926138,0.013182806939364243,0.24105704117694615
chow.vs.HFD,HY__26,-0.16537244907697426,0.013740594893608885,0.24259257191474998
chow.vs.HFD,HPF__24,0.07527914528671921,0.015001913355433988,0.25108668544202195
chow.vs.HFD,HPF__32,0.06501476738132199,0.015202514157622424,0.25108668544202195
chow.vs.fast,HY__35,0.1363584016020557,0.017579909836718043,0.2812785573874887
chow.vs.fast,IC__03,-0.063443061113775,0.018310338906626818,0.2840876824300888
chow.vs.HFD,HY__49,-0.2501400170440469,0.02080343902370724,0.2990843123198071
chow.vs.fast,HY__06,0.09807859256844823,0.021577582381565766,0.2990843123198071
chow.vs.HFD,HPF__27,-0.10642396554474355,0.021937828221800564,0.2990843123198071
chow.vs.fast,HY__53,0.07924573863239347,0.022017910602092267,0.2990843123198071
chow.vs.HFD,HY__42,-0.1790974883215344,0.02219766380498568,0.2990843123198071
chow.vs.fast,HY__52,-0.06483739492649353,0.02517276420303766,0.33047321210141745
chow.vs.fast,HY__34,0.0194536410078349,0.028726531302362624,0.3582894007261583
chow.vs.HFD,HY__34,0.01858341068084453,0.03020899941856917,0.3582894007261583
chow.vs.HFD,SC__60,0.022264226101507696,0.03067219210912139,0.3582894007261583
chow.vs.fast,SC__45,0.028647426946812767,0.030950394066420812,0.3582894007261583
chow.vs.HFD,HY__20,-0.021738189905802164,0.0311588716960833,0.3582894007261583
chow.vs.HFD,SC__45,0.03784770907097517,0.0314902793606975,0.3582894007261583
chow.vs.HFD,HY__05,0.08976407722202388,0.03400616460062493,0.37850339729391225
chow.vs.HFD,SC__15,0.10303929520942837,0.03673437708075182,0.4001702354328709
chow.vs.fast,IC__13,0.025092613876269664,0.037752752376781926,0.4015479414304099
chow.vs.fast,SC__60,0.04754333079736057,0.038750030487197995,0.4015479414304099
chow.vs.fast,HY__67,0.05534960883011806,0.039213666155313465,0.4015479414304099
chow.vs.HFD,HY__54,0.12807257727985683,0.041915002805434066,0.42079375365455374
chow.vs.fast,HY__46,-0.04213873561578502,0.0482857038368976,0.46279675460045494
chow.vs.fast,HY__31,0.12476534223797177,0.048527574698889756,0.46279675460045494
chow.vs.fast,HPF__12,-0.0998968527481734,0.048810595211766734,0.46279675460045494
chow.vs.fast,HY__78,-0.057973926118318427,0.051868290230591675,0.48284662905568976
chow.vs.HFD,HPF__25,-0.06682324613554155,0.0583630192837779,0.5285656495821658
chow.vs.HFD,HY__37,-0.035226418472084166,0.05884422270738955,0.5285656495821658
chow.vs.HFD,IC__47,-0.08546392715372898,0.06151566116472789,0.5364625083448954
chow.vs.fast,SC__90,-0.10424688906437342,0.06266440703109474,0.5364625083448954
chow.vs.fast,HY__77,-0.08550763569985875,0.06286670019666743,0.5364625083448954
chow.vs.HFD,HPF__30,-0.03240629462474027,0.06404966248691074,0.5375971671032508
chow.vs.HFD,HY__39,-0.037552829070366965,0.0657748235624201,0.5431727365154693
chow.vs.fast,SC__28,-0.1346986014152507,0.07279790350282847,0.5840272902327523
chow.vs.fast,SC__52,0.07521108483019977,0.07300341127909404,0.5840272902327523
chow.vs.fast,HPF__26,-0.05791413137142154,0.07551488053001987,0.5948249050980027
chow.vs.fast,HY__59,0.02962016421991042,0.07998743702797587,0.5956497012646743
chow.vs.fast,SC__51,-0.13325328484747426,0.08062661453757962,0.5956497012646743
chow.vs.HFD,IC__29,-0.09282374653103197,0.08207424779630307,0.5956497012646743
chow.vs.fast,SC__11,0.10387034562611647,0.08239858193616124,0.5956497012646743
chow.vs.HFD,HY__52,-0.07470845629124069,0.08246875823040649,0.5956497012646743
chow.vs.HFD,IC__15,-0.015059697325946763,0.08259986091756226,0.5956497012646743
chow.vs.HFD,SC__81,-0.08191536513860724,0.08791623626390056,0.606759590800034
chow.vs.HFD,SC__62,-0.09311113575881534,0.08794896224142312,0.606759590800034
chow.vs.fast,HY__66,-0.013126639652917937,0.08870341510600842,0.606759590800034
chow.vs.HFD,HY__15,0.10730668216777814,0.08888079943359874,0.606759590800034
chow.vs.HFD,SC__30,-0.04796463352809109,0.09369175735397461,0.6311865758583552
chow.vs.fast,SC__76,-0.11607041659850977,0.09727220174355893,0.6340383376311753
chow.vs.HFD,SC__48,0.12556036919970628,0.09729595236642066,0.6340383376311753
chow.vs.fast,SC__85,0.014894831703342201,0.09783013412668526,0.6340383376311753
chow.vs.fast,HPF__11,-0.08005117479361495,0.10398783015662257,0.6655221130023845
chow.vs.fast,HY__54,-0.06666495474746133,0.10922332523110828,0.6749641150421742
chow.vs.fast,HY__75,0.09039591436765794,0.11110868680392152,0.6749641150421742
chow.vs.HFD,SC__51,-0.1593641543737095,0.11193715466162127,0.6749641150421742
chow.vs.HFD,SC__11,0.13337833181758402,0.1123523234177637,0.6749641150421742
chow.vs.HFD,IC__01,-0.047705484456602665,0.11251491321921445,0.6749641150421742
chow.vs.HFD,IC__46,-0.07992410528080537,0.1133728786984902,0.6749641150421742
chow.vs.HFD,IC__37,-0.08944249140540739,0.1195846300490866,0.6880017942369364
chow.vs.fast,HPF__36,0.034686316168951514,0.11999215423158982,0.6880017942369364
chow.vs.HFD,IC__11,-0.009333800927305125,0.12063991853015717,0.6880017942369364
chow.vs.fast,SC__80,-0.09387516229478234,0.12093781539321148,0.6880017942369364
chow.vs.HFD,HY__50,-0.0199889824311559,0.12437398181018877,0.6997744910639193
chow.vs.HFD,SC__05,0.07915867358029936,0.1346038125812665,0.7230477691605627
chow.vs.HFD,HY__33,0.013002674036765381,0.1346830356612326,0.7230477691605627
chow.vs.HFD,SC__53,-0.0711872561641001,0.13642035797884086,0.7230477691605627
chow.vs.fast,SC__30,-0.03302210696259155,0.13660614139649466,0.7230477691605627
chow.vs.HFD,HY__30,-0.11131506118063123,0.1380650828365555,0.7230477691605627
chow.vs.fast,HY__68,0.06832301059845673,0.13891350389497445,0.7230477691605627
chow.vs.HFD,SC__79,0.043898138440201316,0.1406261392921447,0.7230477691605627
chow.vs.fast,SC__10,0.07442537865045491,0.14129380670282846,0.7230477691605627
chow.vs.HFD,HY__48,0.027849288602942987,0.1450192021128569,0.7230477691605627
chow.vs.fast,HPF__19,0.026587147412596816,0.14517034665735343,0.7230477691605627
chow.vs.HFD,HY__51,0.1293064674932657,0.14559628718788353,0.7230477691605627
chow.vs.HFD,SC__37,-0.03347349695355308,0.1477771796902593,0.7230477691605627
chow.vs.fast,HY__58,0.05340464084663996,0.1493158865996087,0.7230477691605627
chow.vs.HFD,SC__61,0.11499102970575771,0.1495416732773581,0.7230477691605627
chow.vs.HFD,SC__21,-0.02247776622685123,0.14969348345902275,0.7230477691605627
chow.vs.HFD,SC__08,0.04549362176317249,0.15125313070679539,0.7237532983353199
chow.vs.fast,SC__86,0.0953779324038856,0.15618274155516537,0.7247739709222212
chow.vs.HFD,HY__56,0.0803023789612358,0.1568556518122745,0.7247739709222212
chow.vs.fast,SC__68,-0.03689241352985954,0.15723784500218388,0.7247739709222212
chow.vs.HFD,SC__28,-0.14336955453134806,0.15838947779691315,0.7247739709222212
chow.vs.fast,HPF__38,-0.05019855668526651,0.16270178304685834,0.7247739709222212
chow.vs.fast,HY__79,-0.018489642156358625,0.1630162826714715,0.7247739709222212
chow.vs.fast,HY__69,0.03348610122902834,0.16574360116861353,0.7247739709222212
chow.vs.HFD,IC__26,0.011204266946634192,0.1660800138295956,0.7247739709222212
chow.vs.fast,HPF__28,0.06353888405404348,0.16694462753660083,0.7247739709222212
chow.vs.HFD,SC__92,0.06284362133133038,0.1669635695341996,0.7247739709222212
chow.vs.fast,HPF__17,-0.016315438038584675,0.16782024574982513,0.7247739709222212
chow.vs.fast,HPF__32,0.03821272300261427,0.16905848436091941,0.7247739709222212
chow.vs.fast,HPF__34,0.05319161889945149,0.16986889943489558,0.7247739709222212
chow.vs.fast,IC__45,0.065537823783581,0.17480566782201273,0.7396735696270291
chow.vs.fast,SC__18,0.02939498375650886,0.1782338168679299,0.7399728239244718
chow.vs.HFD,SC__02,0.09216485310641187,0.17827087170806322,0.7399728239244718
chow.vs.fast,HPF__05,0.061913482177656486,0.17921216829420802,0.7399728239244718
chow.vs.fast,HY__63,0.0686358120513399,0.1838237601953212,0.7480345268392949
chow.vs.HFD,SC__19,-0.02945989370527465,0.1844845969770452,0.7480345268392949
chow.vs.fast,HPF__31,0.04512381035570242,0.18554762677459075,0.7480345268392949
chow.vs.fast,IC__04,-0.05043304538797143,0.18970118703500746,0.7558366203307058
chow.vs.fast,SC__34,0.060170140549628576,0.19043539848175986,0.7558366203307058
chow.vs.HFD,HY__43,-0.016921198084110405,0.19532552809400222,0.7643053269172627
chow.vs.HFD,SC__68,0.04865443051886344,0.19639681014661728,0.7643053269172627
chow.vs.fast,SC__71,-0.0634049844130145,0.1970474670958568,0.7643053269172627
chow.vs.fast,HPF__29,0.09193774354487616,0.20072394124187198,0.7689913973384486
chow.vs.fast,HY__33,-0.007948343314331597,0.2012594672721721,0.7689913973384486
chow.vs.fast,SC__23,0.014744807630977083,0.20426533694856358,0.7746952038345523
chow.vs.HFD,SC__43,0.09612605772409476,0.20847114509605266,0.7800533386925701
chow.vs.fast,SC__77,-0.01199801600254638,0.20989168967755595,0.7800533386925701
chow.vs.fast,SC__37,0.016224268706031404,0.2102487514444818,0.7800533386925701
chow.vs.fast,SC__12,0.040754540973832555,0.21326014760183937,0.7852292178231594
chow.vs.HFD,SC__06,0.012763510620628714,0.21471111424852016,0.7852292178231594
chow.vs.HFD,IC__07,0.04237232571088288,0.21782339026380798,0.7909615306033311
chow.vs.fast,HY__17,-0.05146707060292577,0.22099808575505991,0.7952848659397739
chow.vs.fast,HPF__30,-0.017547068160238696,0.22212057779177277,0.7952848659397739
chow.vs.fast,HY__57,-0.04278797533722482,0.2243580076334604,0.7977173604745258
chow.vs.HFD,IC__45,-0.05036773556479566,0.2288260884582573,0.8010701041789788
chow.vs.fast,SC__20,-0.06470262239812143,0.2288833370206298,0.8010701041789788
chow.vs.HFD,HY__68,0.09086485906122635,0.2299947369420115,0.8010701041789788
chow.vs.fast,SC__06,0.00886107989716057,0.23845924972121366,0.8139761203724912
chow.vs.fast,HY__18,0.038169691637869825,0.2386409709219396,0.8139761203724912
chow.vs.HFD,HPF__08,-0.11738930524646775,0.24065738553574623,0.8139761203724912
chow.vs.fast,HY__55,0.008109089321689498,0.24183948184098872,0.8139761203724912
chow.vs.HFD,SC__10,-0.08679491907794326,0.24222468497270527,0.8139761203724912
chow.vs.HFD,HY__03,-0.030036289451267215,0.24323895784568586,0.8139761203724912
chow.vs.fast,HY__36,-0.04387301601282614,0.24630711265446015,0.8159388818639886
chow.vs.HFD,HY__40,-0.06143480257310167,0.2479289793348055,0.8159388818639886
chow.vs.fast,SC__01,-0.05719015538769484,0.248606378067934,0.8159388818639886
chow.vs.fast,HY__51,0.060702890148936775,0.25224203635633696,0.8225982332130225
chow.vs.HFD,HPF__35,-0.1047757219423251,0.2555591131034386,0.8242959449511589
chow.vs.HFD,HY__61,-0.05210169058730604,0.2563488102375361,0.8242959449511589
chow.vs.fast,HY__25,0.04754590450630848,0.2578466550411672,0.8242959449511589
chow.vs.fast,IC__05,-0.05184596651464004,0.2612267890469636,0.8242959449511589
chow.vs.HFD,IC__16,0.043590283005631336,0.26159205983247175,0.8242959449511589
chow.vs.fast,SC__92,0.035598649165085365,0.2624223418496853,0.8242959449511589
chow.vs.HFD,HY__17,0.03743120575789707,0.2646068853545466,0.8260897884239503
chow.vs.fast,SC__72,0.015565738958423593,0.26813999729994314,0.8303834698579511
chow.vs.HFD,HY__36,-0.06428105805979453,0.26922589061800756,0.8303834698579511
chow.vs.fast,SC__54,0.010077900410854622,0.27534300625362595,0.8441653844422545
chow.vs.fast,SC__83,0.0766939531583296,0.27857285151649225,0.8489839284312144
chow.vs.HFD,SC__63,-0.0864574150648957,0.2817496488527656,0.8493156032576094
chow.vs.HFD,HY__09,0.05841956314698044,0.2833340464855759,0.8493156032576094
chow.vs.HFD,SC__66,0.03377341058142014,0.28365814093174063,0.8493156032576094
chow.vs.fast,HY__37,-0.012437124044515125,0.29002054869266464,0.8558532009992839
chow.vs.HFD,SC__69,0.04502403461816475,0.29111765216874497,0.8558532009992839
chow.vs.HFD,IC__40,-0.061022766829370065,0.2926632704603377,0.8558532009992839
chow.vs.HFD,HY__71,0.01223255097441748,0.29367436450399675,0.8558532009992839
chow.vs.HFD,SC__82,-0.050651651535511634,0.29600582540711634,0.8558532009992839
chow.vs.fast,HY__56,-0.04366199404485687,0.2968020989497457,0.8558532009992839
chow.vs.HFD,SC__65,-0.03520558255787833,0.2987896574635233,0.8558532009992839
chow.vs.HFD,HY__44,0.05550439074638665,0.3017343577624568,0.8558532009992839
chow.vs.fast,HY__42,-0.039663927299357346,0.30185988912740486,0.8558532009992839
chow.vs.HFD,SC__35,0.05619131642712045,0.3030059302262073,0.8558532009992839
chow.vs.fast,SC__88,-0.06698509902118958,0.30422906754271417,0.8558532009992839
chow.vs.fast,SC__35,0.039080782584702066,0.3085998934445939,0.861268650024205
chow.vs.fast,SC__03,-0.007944203615491897,0.3111472999433776,0.861268650024205
chow.vs.fast,HY__03,-0.014661089989597453,0.3112005864345272,0.861268650024205
chow.vs.HFD,HPF__13,-0.021110055413264713,0.3152811788610456,0.8633355903398696
chow.vs.HFD,SC__07,0.027591580539769307,0.31786594260536805,0.8633355903398696
chow.vs.HFD,HPF__10,-0.1150547687440153,0.3188898057476163,0.8633355903398696
chow.vs.fast,IC__16,0.025351873485105855,0.3204878899393277,0.8633355903398696
chow.vs.HFD,HY__65,-0.06362024995853109,0.32240391146672975,0.8633355903398696
chow.vs.HFD,SC__83,0.07524631549307899,0.3248017157749411,0.8633355903398696
chow.vs.HFD,SC__27,-0.01189821990324878,0.32634245348008284,0.8633355903398696
chow.vs.fast,HY__40,0.07177443558450054,0.32882170880124983,0.8633355903398696
chow.vs.fast,SC__13,0.03647872937369828,0.33136121884705394,0.8633355903398696
chow.vs.HFD,SC__34,0.051638373595267344,0.3347085023407905,0.8633355903398696
chow.vs.fast,SC__43,0.06290983871055464,0.3352865258382536,0.8633355903398696
chow.vs.fast,SC__61,0.0463880679752088,0.3373509980722179,0.8633355903398696
chow.vs.fast,HY__70,-0.015427748651891705,0.3376511682107085,0.8633355903398696
chow.vs.HFD,SC__01,0.05581123944885637,0.3381739605069275,0.8633355903398696
chow.vs.HFD,HY__47,-0.034316529639802786,0.33967489577759,0.8633355903398696
chow.vs.HFD,HY__22,0.008241998755164648,0.34039181159186715,0.8633355903398696
chow.vs.HFD,HY__69,-0.03670389734336246,0.3406128696262767,0.8633355903398696
chow.vs.fast,HY__74,-0.018587994723272053,0.3457389953047503,0.8720116531824244
chow.vs.HFD,IC__08,-0.028228501027453914,0.3491869322619774,0.8763907319516295
chow.vs.fast,HPF__14,0.054145595498007584,0.3549913524603906,0.8842628215837356
chow.vs.HFD,IC__30,0.07886710110353494,0.35590030594013056,0.8842628215837356
chow.vs.HFD,IC__20,-0.04127003141633118,0.35750469544498686,0.8842628215837356
chow.vs.fast,IC__20,-0.025691686294339818,0.3631351938237869,0.8904781281026601
chow.vs.HFD,SC__84,-0.06543085531861935,0.36490691820073295,0.8904781281026601
chow.vs.HFD,HY__63,0.07569365712774619,0.3655846031338602,0.8904781281026601
chow.vs.fast,SC__36,0.011173396438177956,0.36821808873714856,0.8904781281026601
chow.vs.fast,SC__05,0.03571122468457067,0.36871359991750774,0.8904781281026601
chow.vs.fast,IC__01,-0.015206991251673626,0.3730337613539484,0.8966820930198196
chow.vs.fast,IC__22,0.0548312245259278,0.37830340208735125,0.9014977892480146
chow.vs.HFD,SC__56,-0.019531175938484295,0.3788153728173542,0.9014977892480146
chow.vs.HFD,HPF__14,0.07443903331765953,0.38190805615512347,0.9014977892480146
chow.vs.HFD,HY__29,-0.02298567669866082,0.3841027165982773,0.9014977892480146
chow.vs.HFD,SC__09,0.07922024865375575,0.3868912861893795,0.9014977892480146
chow.vs.fast,HY__41,-0.005034794107783767,0.387088323934082,0.9014977892480146
chow.vs.fast,HY__44,0.04233036645256256,0.3873623313175063,0.9014977892480146
chow.vs.fast,SC__50,0.01811465637373952,0.3893298120898353,0.9019767592307497
chow.vs.HFD,HPF__15,0.045167244226290405,0.39594681449999236,0.9047210902501203
chow.vs.HFD,SC__47,-0.020827898411045997,0.39626214365539636,0.9047210902501203
chow.vs.fast,IC__35,-0.009618888669195209,0.39928667822220154,0.9047210902501203
chow.vs.HFD,HY__66,-0.011472401941780806,0.39970399683836455,0.9047210902501203
chow.vs.fast,HY__32,0.008694231354448655,0.39998108231521123,0.9047210902501203
chow.vs.HFD,SC__12,-0.03981326153461822,0.4026200847457947,0.9047210902501203
chow.vs.fast,IC__31,0.03891710725514355,0.4100524093216047,0.9047210902501203
chow.vs.HFD,HPF__16,-0.04517021298768462,0.41733701946817925,0.9047210902501203
chow.vs.HFD,HPF__37,-0.06094408289575049,0.42062453730833604,0.9047210902501203
chow.vs.HFD,HY__57,-0.05089196973287375,0.42136690932999565,0.9047210902501203
chow.vs.fast,SC__84,-0.03916783205218942,0.4254429029121518,0.9047210902501203
chow.vs.HFD,IC__03,0.017792519730024964,0.42691200503421745,0.9047210902501203
chow.vs.fast,HY__01,-0.030956214671901017,0.42779891260421643,0.9047210902501203
chow.vs.fast,SC__87,0.028146357798811042,0.42794880819831527,0.9047210902501203
chow.vs.HFD,IC__39,-0.012792074293225012,0.4282870679148555,0.9047210902501203
chow.vs.fast,HPF__16,0.052834996571878914,0.4312118698547692,0.9047210902501203
chow.vs.fast,SC__24,-0.019485643123439693,0.437436475682738,0.9047210902501203
chow.vs.HFD,HPF__06,0.036583559246882134,0.4394342936450678,0.9047210902501203
chow.vs.fast,HY__76,-0.021360050723731743,0.44045657700479135,0.9047210902501203
chow.vs.HFD,SC__58,-0.00305625186860784,0.44174509383934357,0.9047210902501203
chow.vs.fast,SC__19,-0.01373448878657319,0.44286997603630063,0.9047210902501203
chow.vs.fast,SC__58,-0.003330503428668776,0.44580155377831177,0.9047210902501203
chow.vs.fast,SC__21,0.008446230226450762,0.4484380411022413,0.9047210902501203
chow.vs.HFD,SC__67,-0.032574980936537296,0.44872519664034816,0.9047210902501203
chow.vs.fast,HPF__07,-0.022639422620257338,0.4521359966410905,0.9047210902501203
chow.vs.HFD,HY__73,0.05363001791583043,0.4535740779930557,0.9047210902501203
chow.vs.HFD,HY__72,-0.059710931996497435,0.45377210858864914,0.9047210902501203
chow.vs.fast,HY__08,0.010479760945957957,0.454837540270993,0.9047210902501203
chow.vs.fast,HPF__08,-0.05420717939993391,0.45752632814305105,0.9047210902501203
chow.vs.fast,IC__38,-0.03358711231737981,0.45811859376596487,0.9047210902501203
chow.vs.fast,HPF__01,-0.04309954312003322,0.459638026007834,0.9047210902501203
chow.vs.HFD,SC__44,-0.0286633261851174,0.46018608914931336,0.9047210902501203
chow.vs.fast,HY__23,0.03431266357638907,0.4655910004626055,0.9047210902501203
chow.vs.fast,SC__62,-0.033018443046898945,0.4660406830567466,0.9047210902501203
chow.vs.fast,SC__46,-0.009229609272942212,0.46695338818425036,0.9047210902501203
chow.vs.HFD,IC__06,0.03615610961540513,0.4671708749424791,0.9047210902501203
chow.vs.fast,IC__21,-0.009392833155173516,0.4684817901003464,0.9047210902501203
chow.vs.fast,SC__07,0.014712343491877793,0.47264792503002906,0.9047210902501203
chow.vs.fast,SC__25,0.034572966512800694,0.47284379427423473,0.9047210902501203
chow.vs.HFD,SC__91,0.026736058158564648,0.4735114665478908,0.9047210902501203
chow.vs.fast,IC__42,-0.03705282785368098,0.47875257248965186,0.9047210902501203
chow.vs.HFD,HPF__31,0.03336947425879999,0.48223126651041504,0.9047210902501203
chow.vs.fast,SC__65,-0.025897044828016743,0.48308967280363857,0.9047210902501203
chow.vs.HFD,SC__64,-0.026130069461438504,0.4845538041308838,0.9047210902501203
chow.vs.HFD,IC__41,0.040418755860934026,0.4859725078445849,0.9047210902501203
chow.vs.HFD,SC__29,0.06467502957953714,0.48672361862979563,0.9047210902501203
chow.vs.HFD,IC__22,-0.03561376808055969,0.48712687651666553,0.9047210902501203
chow.vs.HFD,IC__44,-0.03135947642369849,0.487845067961695,0.9047210902501203
chow.vs.HFD,HY__19,0.050697003141108705,0.49221037634923626,0.9047210902501203
chow.vs.HFD,HY__12,-0.005253290536477278,0.49779463858317374,0.9047210902501203
chow.vs.HFD,SC__54,-0.007243316046548783,0.4981322299588319,0.9047210902501203
chow.vs.HFD,SC__18,0.022298103673313446,0.5006255781506358,0.9047210902501203
chow.vs.HFD,IC__43,-0.024984200931846137,0.5023888917180691,0.9047210902501203
chow.vs.fast,IC__28,0.00817733636690612,0.5032876341267613,0.9047210902501203
chow.vs.HFD,HY__74,-0.01675146246353786,0.504078222407822,0.9047210902501203
chow.vs.HFD,HY__18,-0.031999379905941296,0.5046916584647343,0.9047210902501203
chow.vs.fast,SC__22,-0.041895659731087574,0.5053197739423192,0.9047210902501203
chow.vs.HFD,HY__78,-0.04708311137977896,0.5060137464251122,0.9047210902501203
chow.vs.HFD,SC__78,-0.017766702567717677,0.5066059362163476,0.9047210902501203
chow.vs.fast,SC__73,-0.016260774834543308,0.5103914190369705,0.9047210902501203
chow.vs.fast,IC__40,-0.02332472377279108,0.5107115104077302,0.9047210902501203
chow.vs.HFD,HY__67,-0.015257361968289418,0.5113962044113525,0.9047210902501203
chow.vs.HFD,HY__21,-0.03607852536910435,0.511727459694834,0.9047210902501203
chow.vs.fast,IC__43,-0.033987286438152166,0.5129538234615165,0.9047210902501203
chow.vs.fast,SC__81,-0.024913456595185884,0.5135754522761465,0.9047210902501203
chow.vs.HFD,SC__14,0.0543867158450021,0.5141707924192929,0.9047210902501203
chow.vs.fast,HY__65,-0.031171320748402686,0.5153261835355794,0.9047210902501203
chow.vs.fast,HY__12,0.006035293789961533,0.5179133776369043,0.9047210902501203
chow.vs.fast,HY__48,0.010222905075529762,0.518345232538365,0.9047210902501203
chow.vs.HFD,HY__07,-0.009244748065208312,0.5191271320153077,0.9047210902501203
chow.vs.fast,IC__06,0.02124290763594672,0.5207636656619474,0.9047210902501203
chow.vs.fast,SC__89,0.03392559364728486,0.5211225606177388,0.9047210902501203
chow.vs.fast,HY__60,0.020390600019124936,0.5225620148122532,0.9047210902501203
chow.vs.fast,SC__66,0.017356109391458572,0.5230110043979903,0.9047210902501203
chow.vs.HFD,SC__23,0.010172003081050502,0.5230418803008507,0.9047210902501203
chow.vs.HFD,HY__75,0.04822106697077215,0.5289564290059968,0.9118710156601696
chow.vs.HFD,HY__10,0.008880010151309643,0.5408918700461769,0.91526016315828
chow.vs.HFD,IC__02,0.012898803625923118,0.5419586661335731,0.91526016315828
chow.vs.fast,HPF__35,-0.042504587800396516,0.5463824932906025,0.91526016315828
chow.vs.HFD,SC__75,0.016209965683455046,0.5470751046149024,0.91526016315828
chow.vs.fast,HY__43,-0.007551459402794284,0.5474780865255675,0.91526016315828
chow.vs.HFD,HY__25,0.040090894572868706,0.5502482267402915,0.91526016315828
chow.vs.HFD,HPF__04,-0.03352484694570131,0.5521404903583116,0.91526016315828
chow.vs.HFD,HY__64,-0.006704929212352346,0.5524851160907005,0.91526016315828
chow.vs.fast,IC__11,-0.0033053990276601273,0.5528168345234157,0.91526016315828
chow.vs.fast,IC__14,0.018513546244944452,0.5547022027924925,0.91526016315828
chow.vs.HFD,SC__38,-0.04438533569029961,0.5557348897545131,0.91526016315828
chow.vs.fast,HY__11,-0.0342884475167115,0.557650520075182,0.91526016315828
chow.vs.HFD,SC__74,-0.020421034956706854,0.559168583242384,0.91526016315828
chow.vs.HFD,SC__86,0.04285645458083321,0.5593074674849836,0.91526016315828
chow.vs.HFD,SC__89,0.03632537315520038,0.5616058595787374,0.91526016315828
chow.vs.fast,SC__79,-0.01309599015102013,0.5659538795095711,0.91526016315828
chow.vs.HFD,SC__33,-0.04094278658962797,0.5666136552042729,0.91526016315828
chow.vs.HFD,SC__40,-0.011203702176948261,0.5701040907258785,0.91526016315828
chow.vs.fast,IC__18,0.03335187235537603,0.5707695491255738,0.91526016315828
chow.vs.HFD,HY__79,0.008287921690330555,0.5712650598013701,0.91526016315828
chow.vs.fast,SC__55,-0.009833762592519163,0.5754751403882208,0.91526016315828
chow.vs.HFD,SC__57,-0.01489389674803037,0.5773915882186736,0.91526016315828
chow.vs.fast,IC__30,-0.02181468931155892,0.5777487427021311,0.91526016315828
chow.vs.fast,SC__49,0.026862744491725946,0.579489271214767,0.91526016315828
chow.vs.HFD,HY__32,0.008560944071948205,0.579489661072462,0.91526016315828
chow.vs.fast,HY__02,-0.0019657707280286,0.580143294135244,0.91526016315828
chow.vs.fast,SC__29,-0.031202054700721394,0.5804159323493208,0.91526016315828
chow.vs.fast,SC__04,0.027932786538604624,0.5809756895047675,0.91526016315828
chow.vs.HFD,SC__72,-0.005591870388555117,0.583792509758319,0.9168765797431268
chow.vs.fast,IC__25,-0.021312384877195306,0.5881369797334671,0.9197448851759212
chow.vs.fast,IC__44,-0.01841040651075419,0.590606872358564,0.9197448851759212
chow.vs.HFD,HY__77,-0.02932763841759571,0.5910079437946838,0.9197448851759212
chow.vs.fast,HY__26,-0.02299044315606338,0.5943541654516491,0.9202238080705518
chow.vs.HFD,SC__32,0.018055246216824212,0.5962811951408231,0.9202238080705518
chow.vs.fast,HPF__10,-0.04472900865066862,0.5967076255457484,0.9202238080705518
chow.vs.fast,HY__24,0.012700112171835089,0.6032780346618815,0.9265465928026304
chow.vs.fast,HY__10,0.006642276810432269,0.6070695435287322,0.9265465928026304
chow.vs.HFD,IC__09,-0.022816245467948165,0.6098150507541947,0.9265465928026304
chow.vs.HFD,HPF__34,0.02285313550559556,0.6134957237101667,0.9265465928026304
chow.vs.HFD,SC__22,-0.04200591307295867,0.6135279372236319,0.9265465928026304
chow.vs.fast,HY__29,-0.011487445291076476,0.6180065105893304,0.9265465928026304
chow.vs.HFD,SC__25,-0.03655610427916413,0.6224714857320552,0.9265465928026304
chow.vs.HFD,IC__25,-0.02278914812502847,0.6230114572763055,0.9265465928026304
chow.vs.HFD,IC__10,-0.030778056879931275,0.6233005032988468,0.9265465928026304
chow.vs.fast,SC__02,-0.019233555868877216,0.6263444453411251,0.9265465928026304
chow.vs.fast,HY__38,-0.004579701747706034,0.6281415796087647,0.9265465928026304
chow.vs.fast,HPF__18,0.03659816615042879,0.6292995791405481,0.9265465928026304
chow.vs.HFD,SC__49,-0.03212398949458607,0.6293046117690919,0.9265465928026304
chow.vs.fast,HPF__24,-0.012225662175272286,0.6320330903654239,0.9265465928026304
chow.vs.fast,HY__49,-0.030645802209629043,0.6336764396196306,0.9265465928026304
chow.vs.fast,SC__42,-0.026678466837387737,0.6356385340113981,0.9265465928026304
chow.vs.HFD,SC__77,0.00522634596530755,0.6394224217915738,0.9265465928026304
chow.vs.fast,IC__41,0.022831102702507676,0.6398013681569064,0.9265465928026304
chow.vs.HFD,HY__06,0.03047895970526271,0.643077209112328,0.9265465928026304
chow.vs.HFD,SC__90,0.037122026964740665,0.6434293755126865,0.9265465928026304
chow.vs.fast,IC__46,0.02802791565902133,0.6464650112040222,0.9265465928026304
chow.vs.fast,HPF__22,0.019267226925086565,0.6478487750777677,0.9265465928026304
chow.vs.fast,HPF__23,0.021548273049740496,0.6489020538100734,0.9265465928026304
chow.vs.fast,HY__45,-0.01142309265854804,0.6534151951203269,0.9265465928026304
chow.vs.fast,HPF__37,0.030465964061539556,0.6544164506416571,0.9265465928026304
chow.vs.HFD,IC__38,-0.018499043763414113,0.6592987043782684,0.9265465928026304
chow.vs.HFD,HY__08,0.009937971181194783,0.6612730406355568,0.9265465928026304
chow.vs.fast,SC__31,0.014905814710661637,0.6616187743030917,0.9265465928026304
chow.vs.HFD,HPF__19,0.008135805676174305,0.6666802278059418,0.9265465928026304
chow.vs.fast,HY__22,-0.0024733418668810773,0.6678460937482309,0.9265465928026304
chow.vs.HFD,HPF__29,-0.02518057395347357,0.6688686469291096,0.9265465928026304
chow.vs.fast,SC__63,0.032870621554487695,0.6700356029209471,0.9265465928026304
chow.vs.fast,HY__39,0.007993753992112933,0.6701187047744188,0.9265465928026304
chow.vs.HFD,HY__45,-0.015392133014286841,0.671225105393404,0.9265465928026304
chow.vs.fast,SC__75,0.009537406916304204,0.6718681473108351,0.9265465928026304
chow.vs.fast,HY__73,0.022130493692919945,0.6727088673622129,0.9265465928026304
chow.vs.HFD,HY__01,-0.021669297755341915,0.6739896031355354,0.9265465928026304
chow.vs.HFD,SC__16,-0.037317596599041804,0.6741251846360761,0.9265465928026304
chow.vs.HFD,SC__70,0.033084243980823366,0.6742176586088209,0.9265465928026304
chow.vs.fast,HPF__20,0.011488966855325002,0.6744477158834156,0.9265465928026304
chow.vs.fast,IC__26,-0.0028956266652583264,0.6763928884031623,0.9265465928026304
chow.vs.HFD,IC__36,-0.012322407257505542,0.6770372220075287,0.9265465928026304
chow.vs.HFD,HY__24,0.008112449679042283,0.6819494127140824,0.9265465928026304
chow.vs.HFD,SC__73,0.01056245683606777,0.6854280404527835,0.9265465928026304
chow.vs.fast,SC__53,0.012618144892693658,0.6878435476565166,0.9265465928026304
chow.vs.HFD,HPF__36,0.0059043420859516225,0.6888178907479602,0.9265465928026304
chow.vs.fast,IC__33,0.0046893064465514545,0.6916273274665384,0.9265465928026304
chow.vs.HFD,SC__87,-0.01800510376572007,0.6937648875215126,0.9265465928026304
chow.vs.HFD,HY__28,0.003454780180552089,0.6937933480358649,0.9265465928026304
chow.vs.HFD,HY__13,-0.03389062570587635,0.69410238248722,0.9265465928026304
chow.vs.fast,HY__62,0.0053270059880182845,0.6942391421813559,0.9265465928026304
chow.vs.fast,SC__57,-0.007046916891821906,0.6949099446019729,0.9265465928026304
chow.vs.HFD,SC__80,-0.038333936432823935,0.6986184785346863,0.9277076382234829
chow.vs.fast,SC__59,-0.011818902518329457,0.7025117158366644,0.9277076382234829
chow.vs.fast,IC__27,-0.017884290267368912,0.705634187178876,0.9277076382234829
chow.vs.HFD,HPF__22,0.024163103822178525,0.7092636001604974,0.9277076382234829
chow.vs.HFD,SC__76,-0.02960188971949955,0.7117719248815839,0.9277076382234829
chow.vs.HFD,SC__17,-0.03097691237126951,0.7123904706995274,0.9277076382234829
chow.vs.fast,HY__21,-0.017649320412681944,0.7128774306541215,0.9277076382234829
chow.vs.HFD,HY__31,-0.013227040668928405,0.7145487368501409,0.9277076382234829
chow.vs.fast,IC__09,-0.011042056732103896,0.7146604332421882,0.9277076382234829
chow.vs.fast,HY__47,-0.010439231804192551,0.716896751685197,0.9277076382234829
chow.vs.HFD,HPF__07,-0.013218651199740052,0.7210605316628835,0.9277076382234829
chow.vs.fast,HPF__02,0.02264421191911258,0.7216289152699618,0.9277076382234829
chow.vs.fast,SC__70,0.018309202432033243,0.7239009374486303,0.9277076382234829
chow.vs.fast,HY__16,0.018371741004979937,0.72414921036403,0.9277076382234829
chow.vs.fast,HPF__13,0.0073122632771277,0.7246624864136595,0.9277076382234829
chow.vs.HFD,HY__35,0.0160339596967584,0.7273402721869611,0.9277076382234829
chow.vs.fast,HY__27,0.008191510804596607,0.7274786628456894,0.9277076382234829
chow.vs.fast,SC__16,-0.024103560219319767,0.7286274553669785,0.9277076382234829
chow.vs.HFD,HY__70,-0.010085306293054166,0.7317453606897135,0.9277076382234829
chow.vs.HFD,IC__27,-0.0174329803694193,0.7363338586823669,0.9277076382234829
chow.vs.fast,HY__30,0.02345580789319684,0.7368090729617902,0.9277076382234829
chow.vs.HFD,HY__14,-0.03522882844363381,0.7381164649111489,0.9277076382234829
chow.vs.HFD,IC__32,0.009710585238746875,0.7391088189745318,0.9277076382234829
chow.vs.fast,IC__23,0.016105735483249603,0.7407214446211496,0.9277076382234829
chow.vs.fast,HY__64,-0.0023356382266480004,0.7417230722476583,0.9277076382234829
chow.vs.fast,SC__69,0.009457657290534468,0.7428908821711484,0.9277076382234829
chow.vs.fast,SC__48,-0.012989999044602163,0.7461150847875988,0.9294669669373494
chow.vs.HFD,SC__85,-0.006216501331904707,0.7486765556659603,0.9299011597408179
chow.vs.fast,IC__29,0.018088182802183873,0.7500960526815581,0.9299011597408179
chow.vs.fast,SC__56,-0.005119496019142652,0.7541632047106999,0.9303340400229395
chow.vs.HFD,SC__24,0.013140425877683609,0.7562381448562535,0.9303340400229395
chow.vs.HFD,HY__23,0.023439094659445783,0.7574164630868911,0.9303340400229395
chow.vs.HFD,IC__17,0.010076163844917678,0.7577134661905582,0.9303340400229395
chow.vs.HFD,SC__13,0.013838085235218704,0.7599696403814313,0.9308719040078776
chow.vs.fast,IC__19,-0.0025065711630809324,0.7619275189896342,0.9310426962355435
chow.vs.fast,HY__61,-0.010985977917314576,0.7664082367717925,0.9342881362551376
chow.vs.fast,SC__44,-0.014231129532875907,0.7738620310784423,0.9411338715253266
chow.vs.fast,HY__07,0.0035159389167219693,0.7874538323585766,0.9553942231459508
chow.vs.HFD,IC__14,-0.007076282554395852,0.7905117243285582,0.9568368861849215
chow.vs.fast,SC__17,-0.01805149105031222,0.8011433506716162,0.9635673203203224
chow.vs.fast,SC__33,-0.0156780318914027,0.8017167443562244,0.9635673203203224
chow.vs.HFD,SC__04,-0.01764887226060362,0.8017181219852683,0.9635673203203224
chow.vs.HFD,HY__38,-0.0028106001546856253,0.8058051427709092,0.9650851734538554
chow.vs.fast,HPF__27,-0.008749402183737149,0.8067508871840823,0.9650851734538554
chow.vs.HFD,HPF__03,-0.01117115610783433,0.8102671090683942,0.9670320742261488
chow.vs.HFD,IC__04,-0.006661554797085277,0.8187667790143103,0.9700137259461848
chow.vs.fast,HPF__03,0.006488201980523248,0.8188215694970169,0.9700137259461848
chow.vs.HFD,SC__39,0.00604743782400666,0.8218849430603367,0.9700137259461848
chow.vs.HFD,SC__26,-0.020363584070021958,0.8246484694501592,0.9700137259461848
chow.vs.HFD,SC__20,0.01969694161422778,0.8252055539050472,0.9700137259461848
chow.vs.HFD,HY__62,0.003419340650968289,0.8260415058999122,0.9700137259461848
chow.vs.HFD,IC__18,-0.010606959852445782,0.8278873443276327,0.9700137259461848
chow.vs.HFD,SC__59,-0.006939509428384438,0.8286633596633399,0.9700137259461848
chow.vs.fast,HY__14,-0.013811284175054844,0.8321161227361177,0.9700137259461848
chow.vs.fast,HPF__06,0.006479311717015422,0.8323960032946611,0.9700137259461848
chow.vs.HFD,SC__88,0.017281931205103566,0.8336055457350027,0.9700137259461848
chow.vs.fast,HPF__04,-0.00861778058633314,0.8363524689023205,0.971003319904735
chow.vs.HFD,HPF__18,-0.01876807175569522,0.8413782851603466,0.9731487094918305
chow.vs.HFD,IC__12,0.005377694102805741,0.8420017154392206,0.9731487094918305
chow.vs.HFD,HPF__01,-0.009428890351880775,0.8452925305081056,0.9747517468922299
chow.vs.HFD,SC__52,0.010514193850577318,0.8516031155491778,0.9765122950308334
chow.vs.HFD,IC__31,0.013931918733218382,0.8519979880971449,0.9765122950308334
chow.vs.HFD,SC__50,0.005070249680709498,0.8568481061519834,0.9765122950308334
chow.vs.HFD,SC__42,-0.013150061683864926,0.8590884060775519,0.9765122950308334
chow.vs.HFD,HPF__09,-0.008127961147711988,0.8635981730050246,0.9765122950308334
chow.vs.fast,IC__37,-0.009728565503436938,0.8640098316336358,0.9765122950308334
chow.vs.fast,IC__10,0.008088466769025129,0.86479432370906,0.9765122950308334
chow.vs.HFD,HY__04,0.001967644614469226,0.8668331043197613,0.9765122950308334
chow.vs.fast,HY__05,0.004742323089515479,0.870444438215275,0.9765122950308334
chow.vs.HFD,HPF__21,0.00609671333569815,0.8739871343375032,0.9765122950308334
chow.vs.fast,IC__47,0.006731136109397223,0.8745397999632559,0.9765122950308334
chow.vs.HFD,HPF__12,-0.007407444554153549,0.8784015868452787,0.9765122950308334
chow.vs.fast,HPF__21,-0.004288174587091089,0.8786581563634612,0.9765122950308334
chow.vs.fast,SC__26,0.009272457073472544,0.8797187005281132,0.9765122950308334
chow.vs.HFD,IC__24,-0.010280161814729464,0.8798911588811571,0.9765122950308334
chow.vs.fast,SC__64,-0.004858879462454312,0.8804217917573621,0.9765122950308334
chow.vs.fast,HPF__09,0.005698835146281578,0.882230918879525,0.9765122950308334
chow.vs.HFD,HY__60,0.005885363827607939,0.882489822668399,0.9765122950308334
chow.vs.HFD,HY__53,0.007435703543172342,0.8843207463605416,0.9765122950308334
chow.vs.fast,HY__72,-0.006786967387890995,0.8849642673716928,0.9765122950308334
chow.vs.HFD,SC__71,-0.009635558784634738,0.8896875124632959,0.9796129169488333
chow.vs.fast,HY__04,-0.0012444004850651203,0.9043834867372573,0.9851993729283248
chow.vs.fast,SC__91,-0.003151775348091008,0.9047406460669758,0.9851993729283248
chow.vs.HFD,SC__55,-0.0027010485057408027,0.9080701713776285,0.9851993729283248
chow.vs.HFD,IC__13,0.0010427697603594376,0.9099513692128058,0.9851993729283248
chow.vs.fast,SC__39,0.0019586306550539953,0.9105514948312989,0.9851993729283248
chow.vs.fast,SC__40,0.001983856362630009,0.9114403432009219,0.9851993729283248
chow.vs.HFD,HPF__28,0.005151252203450772,0.9156869515901789,0.9851993729283248
chow.vs.HFD,SC__03,8.793786147266947e-4,0.9163224431761601,0.9851993729283248
chow.vs.fast,SC__15,0.0036752558167803748,0.9178360176626803,0.9851993729283248
chow.vs.fast,SC__38,0.006032150481715948,0.919039275127743,0.9851993729283248
chow.vs.HFD,HY__27,0.002840222164507996,0.925628754585661,0.9851993729283248
chow.vs.HFD,IC__23,-0.004519422735225269,0.9260196883215386,0.9851993729283248
chow.vs.fast,SC__74,-0.0020941731164015116,0.9277983400710996,0.9851993729283248
chow.vs.HFD,IC__05,0.004059453360139389,0.9295144814922705,0.9851993729283248
chow.vs.fast,HPF__15,0.0031477072489739886,0.9302018853975912,0.9851993729283248
chow.vs.fast,SC__14,-0.005935232851869517,0.931154204422654,0.9851993729283248
chow.vs.HFD,HY__58,0.004047828942742046,0.9345051864605388,0.9851993729283248
chow.vs.HFD,SC__41,-0.0020760665289354685,0.9352538083485673,0.9851993729283248
chow.vs.fast,HY__28,5.909602353815365e-4,0.9385896337373997,0.9851993729283248
chow.vs.fast,SC__41,0.0016480824921656723,0.940562583103626,0.9851993729283248
chow.vs.HFD,SC__46,9.250792841965645e-4,0.9406793216073517,0.9851993729283248
chow.vs.HFD,IC__21,-0.001411418538360895,0.9407667687505762,0.9851993729283248
chow.vs.fast,HY__13,-0.003148217387418156,0.9499947096509436,0.9851993729283248
chow.vs.fast,SC__09,0.003388855028630925,0.951131112035488,0.9851993729283248
chow.vs.HFD,IC__19,7.214064961201252e-4,0.9516861518500973,0.9851993729283248
chow.vs.HFD,SC__36,-0.0010348293260140082,0.9528060901365192,0.9851993729283248
chow.vs.HFD,HY__76,0.0022498622078423168,0.9529874993805385,0.9851993729283248
chow.vs.fast,HY__09,0.002460681769412887,0.9532362172073691,0.9851993729283248
chow.vs.HFD,HY__16,0.004801549361896915,0.9545903866766926,0.9851993729283248
chow.vs.fast,IC__36,0.0019093505717478192,0.9556115586780283,0.9851993729283248
chow.vs.fast,IC__39,-6.753306093218311e-4,0.9583673742539789,0.9851993729283248
chow.vs.fast,IC__24,-0.002456075821335993,0.9595430684732024,0.9851993729283248
chow.vs.HFD,IC__34,0.0029993835301968634,0.9620348968795271,0.9851993729283248
chow.vs.HFD,HY__02,-1.856015312584789e-4,0.9639266711753726,0.9851993729283248
chow.vs.HFD,HY__11,-0.003923216186692381,0.9682001897604031,0.9851993729283248
chow.vs.HFD,SC__31,-0.0016275091604813726,0.9688066617380908,0.9851993729283248
chow.vs.fast,HY__15,0.0018514094119346186,0.9691218702811419,0.9851993729283248
chow.vs.HFD,HPF__23,-0.0033280630616391847,0.9707867471763074,0.9851993729283248
chow.vs.HFD,IC__35,5.750013234551496e-4,0.9747900875962578,0.9851993729283248
chow.vs.fast,SC__47,-6.334617302810665e-4,0.9752764973786902,0.9851993729283248
chow.vs.HFD,IC__28,4.8498311885152094e-4,0.9757172074184813,0.9851993729283248
chow.vs.HFD,HY__46,-0.001043507308728644,0.9758716477980894,0.9851993729283248
chow.vs.fast,SC__82,7.31621408934524e-4,0.9775025028273223,0.9851993729283248
chow.vs.fast,IC__02,3.6432202830606624e-4,0.9815775994524207,0.9873629291152051
chow.vs.fast,IC__12,-4.06554145691828e-4,0.9860037977375378,0.9898704792972928
chow.vs.HFD,IC__42,7.446563072890065e-4,0.9919620202188317,0.9939032374795339
chow.vs.HFD,HPF__02,-5.670501963087579e-4,0.9948650298942526,0.9948650298942526
